x,y,z,rho,p,is_boundary
0.0993171,0,0.0993111,18408.5,180085,0
0.0993055,0,0.099307,18408.5,180085,0
0.0993111,0,0.0993089,18408.5,180085,0
0.116188,0,0.292083,25066.7,246667,0
0.116086,0,0.291906,25066.9,246669,0
0.116081,0,0.291898,25066.9,246669,0
0.116085,0,0.291901,25066.9,246669,0
0.100038,0,0.486697,18408.5,180085,0
0.100036,0,0.486697,18408.5,180085,0
0.100044,0,0.486692,18408.5,180085,0
0.0993095,0,0.0993169,18408.5,180085,0
0.0993145,0,0.0993114,18408.5,180085,0
0.0993052,0,0.0993152,18408.5,180085,0
0.116087,0,0.291908,25066.9,246669,0
0.116087,0,0.29191,25066.9,246669,0
0.116084,0,0.291908,25066.9,246669,0
0.116084,0,0.291903,25066.9,246669,0
0.100041,0,0.486696,18408.5,180085,0
0.100041,0,0.486699,18408.5,180085,0
0.100044,0,0.48669,18408.5,180085,0
0.0993091,0,0.0993187,18408.5,180085,0
0.099309,0,0.0993054,18408.5,180085,0
0.0993168,0,0.0993091,18408.5,180085,0
0.116081,0,0.291906,25066.9,246669,0
0.116088,0,0.291905,25066.9,246669,0
0.116084,0,0.291904,25066.9,246669,0
0.11609,0,0.291905,25066.9,246669,0
0.100034,0,0.486699,18408.5,180085,0
0.100035,0,0.486696,18408.5,180085,0
0.100046,0,0.486693,18408.5,180085,0
0.0993115,0,0.0993064,18408.5,180085,0
0.0993168,0,0.0993098,18408.5,180085,0
0.0993104,0,0.0993036,18408.5,180085,0
0.116086,0,0.291909,25066.9,246669,0
0.116079,0,0.291911,25066.9,246669,0
0.116084,0,0.291898,25066.9,246669,0
0.116086,0,0.291899,25066.9,246669,0
0.100044,0,0.4867,18408.5,180085,0
0.10004,0,0.486688,18408.5,180085,0
0.100035,0,0.486693,18408.5,180085,0
0.0993052,0,0.0993071,18408.5,180085,0
0.0993072,0,0.0993067,18408.5,180085,0
0.0993107,0,0.0993084,18408.5,180085,0
0.116082,0,0.291908,25066.9,246669,0
0.116083,0,0.291903,25066.9,246669,0
0.116085,0,0.291906,25066.9,246669,0
0.116076,0,0.291904,25066.9,246669,0
0.100033,0,0.486693,18408.5,180085,0
0.100037,0,0.486688,18408.5,180085,0
0.100045,0,0.486695,18408.5,180085,0
0.0993169,0,0.0993157,18408.5,180085,0
0.0993164,0,0.0993067,18408.5,180085,0
0.099307,0,0.0993133,18408.5,180085,0
0.116079,0,0.291899,25066.9,246669,0
0.116086,0,0.291907,25066.9,246669,0
0.116084,0,0.291911,25066.9,246669,0
0.116086,0,0.291908,25066.9,246669,0
0.100044,0,0.486692,18408.5,180085,0
0.100037,0,0.486693,18408.5,180085,0
0.100039,0,0.486689,18408.5,180085,0
0.099303,0,0.0993105,18408.5,180085,0
0.0993171,0,0.0993145,18408.5,180085,0
0.0993118,0,0.0993057,18408.5,180085,0
0.116082,0,0.291906,25066.9,246669,0
0.116086,0,0.291909,25066.9,246669,0
0.11608,0,0.291902,25066.9,246669,0
0.116087,0,0.291905,25066.9,246669,0
0.100037,0,0.486691,18408.5,180085,0
0.100032,0,0.486695,18408.5,180085,0
0.100042,0,0.486692,18408.5,180085,0
0.099317,0,0.0993114,18408.5,180085,0
0.0993116,0,0.0993179,18408.5,180085,0
0.0993069,0,0.099307,18408.5,180085,0
0.11608,0,0.291902,25066.9,246669,0
0.116091,0,0.291902,25066.9,246669,0
0.116082,0,0.291897,25066.9,246669,0
0.116089,0,0.291903,25066.9,246669,0
0.100038,0,0.486699,18408.5,180085,0
0.100034,0,0.486691,18408.5,180085,0
0.100035,0,0.486694,18408.5,180085,0
0.099307,0,0.0993132,18408.5,180085,0
0.0993162,0,0.0993062,18408.5,180085,0
0.0993085,0,0.0993073,18408.5,180085,0
0.116079,0,0.291898,25066.9,246669,0
0.116085,0,0.291902,25066.9,246669,0
0.116088,0,0.291908,25066.9,246669,0
0.116078,0,0.291896,25066.9,246669,0
0.100039,0,0.48669,18408.5,180085,0
0.100035,0,0.486693,18408.5,180085,0
0.100032,0,0.486696,18408.5,180085,0
0.0993134,0,0.0993167,18408.5,180085,0
0.0993099,0,0.0993101,18408.5,180085,0
0.099313,0,0.0993126,18408.5,180085,0
0.116085,0,0.291904,25066.9,246669,0
0.115809,0,0.291488,25064.2,246642,0
0.11608,0,0.291907,25066.9,246669,0
0.116081,0,0.291899,25066.9,246669,0
0.100036,0,0.486696,18408.5,180085,0
0.100036,0,0.486688,18408.5,180085,0
0.10004,0,0.486695,18408.5,180085,0
0.0993143,0,0.0993125,18408.5,180085,0
0.0993065,0,0.09931,18408.5,180085,0
0.0993053,0,0.0993103,18408.5,180085,0
0.11609,0,0.291902,25066.9,246669,0
0.116084,0,0.291902,25066.9,246669,0
0.116086,0,0.2919,25066.9,246669,0
0.116088,0,0.291905,25066.9,246669,0
0.100039,0,0.4867,18408.5,180085,0
0.100033,0,0.486698,18408.5,180085,0
0.10004,0,0.486687,18408.5,180085,0
0.0993096,0,0.0993144,18408.5,180085,0
0.0993119,0,0.0993079,18408.5,180085,0
0.0993136,0,0.0993056,18408.5,180085,0
0.116084,0,0.291906,25066.9,246669,0
0.116089,0,0.291901,25066.9,246669,0
0.116086,0,0.291901,25066.9,246669,0
0.116079,0,0.291899,25066.9,246669,0
0.100032,0,0.486691,18408.5,180085,0
0.100045,0,0.486696,18408.5,180085,0
0.100037,0,0.486688,18408.5,180085,0
0.0993132,0,0.0993161,18408.5,180085,0
0.099312,0,0.0993061,18408.5,180085,0
0.0993167,0,0.0993187,18408.5,180085,0
0.116082,0,0.291908,25066.9,246669,0
0.116087,0,0.291901,25066.9,246669,0
0.116085,0,0.291898,25066.9,246669,0
0.116085,0,0.291909,25066.9,246669,0
0.100039,0,0.486698,18408.5,180085,0
0.100041,0,0.486689,18408.5,180085,0
0.100035,0,0.486693,18408.5,180085,0
0.0993188,0,0.0993066,18408.5,180085,0
0.0993154,0,0.0993142,18408.5,180085,0
0.0993125,0,0.099316,18408.5,180085,0
0.116077,0,0.291903,25066.9,246669,0
0.116082,0,0.291897,25066.9,246669,0
0.116089,0,0.291906,25066.9,246669,0
0.116085,0,0.291899,25066.9,246669,0
0.100032,0,0.48669,18408.5,180085,0
0.100045,0,0.486699,18408.5,180085,0
0.100045,0,0.486692,18408.5,180085,0
0.0993125,0,0.099315,18408.5,180085,0
0.0993088,0,0.0993137,18408.5,180085,0
0.099311,0,0.0993097,18408.5,180085,0
0.116086,0,0.291903,25066.9,246669,0
0.116077,0,0.291905,25066.9,246669,0
0.116089,0,0.291899,25066.9,246669,0
0.116084,0,0.291901,25066.9,246669,0
0.100041,0,0.486692,18408.5,180085,0
0.100045,0,0.486698,18408.5,180085,0
0.100035,0,0.486698,18408.5,180085,0
0.0993104,0,0.0993157,18408.5,180085,0
0.0993174,0,0.099309,18408.5,180085,0
0.0993079,0,0.0993142,18408.5,180085,0
0.116089,0,0.291906,25066.9,246669,0
0.116085,0,0.291901,25066.9,246669,0
0.116086,0,0.291897,25066.9,246669,0
0.11608,0,0.291909,25066.9,246669,0
0.100037,0,0.486698,18408.5,180085,0
0.10004,0,0.48669,18408.5,180085,0
0.100043,0,0.486697,18408.5,180085,0
0.0993124,0,0.099309,18408.5,180085,0
0.0993164,0,0.0993062,18408.5,180085,0
0.0993088,0,0.0993173,18408.5,180085,0
0.116079,0,0.291905,25066.9,246669,0
0.116077,0,0.291906,25066.9,246669,0
0.116076,0,0.291902,25066.9,246669,0
0.116079,0,0.291904,25066.9,246669,0
0.100034,0,0.486691,18408.5,180085,0
0.100038,0,0.486697,18408.5,180085,0
0.100046,0,0.486695,18408.5,180085,0
0.0993124,0,0.0993154,18408.5,180085,0
0.0993173,0,0.0993099,18408.5,180085,0
0.099308,0,0.0993118,18408.5,180085,0
0.116081,0,0.291897,25066.9,246669,0
0.116083,0,0.291907,25066.9,246669,0
0.116079,0,0.291903,25066.9,246669,0
0.116077,0,0.291905,25066.9,246669,0
0.100036,0,0.486689,18408.5,180085,0
0.100033,0,0.486694,18408.5,180085,0
0.10004,0,0.486696,18408.5,180085,0
0.0993109,0,0.0993049,18408.5,180085,0
0.0993143,0,0.0993078,18408.5,180085,0
0.0993099,0,0.0993074,18408.5,180085,0
0.116085,0,0.291898,25066.9,246669,0
0.116087,0,0.2919,25066.9,246669,0
0.116085,0,0.291903,25066.9,246669,0
0.116087,0,0.291909,25066.9,246669,0
0.100045,0,0.486689,18408.5,180085,0
0.100043,0,0.486689,18408.5,180085,0
0.100035,0,0.486688,18408.5,180085,0
0.0993057,0,0.0993133,18408.5,180085,0
0.0993149,0,0.0993058,18408.5,180085,0
0.0993188,0,0.0993154,18408.5,180085,0
0.116085,0,0.291902,25066.9,246669,0
0.116087,0,0.291911,25066.9,246669,0
0.116084,0,0.291907,25066.9,246669,0
0.116078,0,0.291901,25066.9,246669,0
0.100045,0,0.486692,18408.5,180085,0
0.100038,0,0.486689,18408.5,180085,0
0.100037,0,0.4867,18408.5,180085,0
0.0993178,0,0.0993112,18408.5,180085,0
0.0992907,0,0.0993122,18408.5,180085,0
0.0993109,0,0.0993056,18408.5,180085,0
0.116079,0,0.291906,25066.9,246669,0
0.115995,0,0.291756,25066.6,246666,0
0.116082,0,0.291906,25066.9,246669,0
0.116091,0,0.291902,25066.9,246669,0
0.100037,0,0.486699,18408.5,180085,0
0.100042,0,0.4867,18408.5,180085,0
0.100038,0,0.486692,18408.5,180085,0
0.0993139,0,0.099308,18408.5,180085,0
0.0993131,0,0.0993193,18408.5,180085,0
0.0993058,0,0.0993131,18408.5,180085,0
0.116081,0,0.291903,25066.9,246669,0
0.116083,0,0.29191,25066.9,246669,0
0.116081,0,0.291902,25066.9,246669,0
0.116084,0,0.291908,25066.9,246669,0
0.100037,0,0.486691,18408.5,180085,0
0.100037,0,0.486689,18408.5,180085,0
0.100039,0,0.486691,18408.5,180085,0
0.0993079,0,0.0993115,18408.5,180085,0
0.0993159,0,0.0993097,18408.5,180085,0
0.0993185,0,0.0993111,18408.5,180085,0
0.116082,0,0.291898,25066.9,246669,0
0.116083,0,0.291897,25066.9,246669,0
0.116082,0,0.291908,25066.9,246669,0
0.116092,0,0.291902,25066.9,246669,0
0.100046,0,0.486692,18408.5,180085,0
0.100045,0,0.486698,18408.5,180085,0
0.100042,0,0.4867,18408.5,180085,0
0.0993271,0,0.0993082,18408.5,180085,0
0.0993114,0,0.0993182,18408.5,180085,0
0.099307,0,0.0993089,18408.5,180085,0
0.116082,0,0.291912,25066.9,246669,0
0.116078,0,0.29191,25066.9,246669,0
0.116087,0,0.291906,25066.9,246669,0
0.116087,0,0.291902,25066.9,246669,0
0.100038,0,0.486696,18408.5,180085,0
0.100044,0,0.486695,18408.5,180085,0
0.100045,0,0.486696,18408.5,180085,0
0.0993123,0,0.0993143,18408.5,180085,0
0.0993127,0,0.0993057,18408.5,180085,0
0.0993141,0,0.0993047,18408.5,180085,0
0.116077,0,0.29191,25066.9,246669,0
0.116081,0,0.291905,25066.9,246669,0
0.11608,0,0.291908,25066.9,246669,0
0.116081,0,0.291905,25066.9,246669,0
0.100037,0,0.486696,18408.5,180085,0
0.100033,0,0.486697,18408.5,180085,0
0.100035,0,0.486699,18408.5,180085,0
0.0993105,0,0.0993127,18408.5,180085,0
0.0993138,0,0.0993178,18408.5,180085,0
0.099306,0,0.0993109,18408.5,180085,0
0.116088,0,0.291903,25066.9,246669,0
0.116078,0,0.2919,25066.9,246669,0
0.116081,0,0.291907,25066.9,246669,0
0.116079,0,0.291898,25066.9,246669,0
0.100041,0,0.4867,18408.5,180085,0
0.100043,0,0.486689,18408.5,180085,0
0.100041,0,0.486686,18408.5,180085,0
0.0993094,0,0.0993139,18408.5,180085,0
0.0993122,0,0.099313,18408.5,180085,0
0.0993078,0,0.0993176,18408.5,180085,0
0.116079,0,0.291902,25066.9,246669,0
0.116079,0,0.291904,25066.9,246669,0
0.116077,0,0.291905,25066.9,246669,0
0.11608,0,0.2919,25066.9,246669,0
0.10004,0,0.486701,18408.5,180085,0
0.10004,0,0.486691,18408.5,180085,0
0.100042,0,0.4867,18408.5,180085,0
0.0993082,0,0.0993149,18408.5,180085,0
0.0993104,0,0.099318,18408.5,180085,0
0.0993176,0,0.0993122,18408.5,180085,0
0.11608,0,0.291907,25066.9,246669,0
0.116081,0,0.291911,25066.9,246669,0
0.116082,0,0.29191,25066.9,246669,0
0.116083,0,0.291903,25066.9,246669,0
0.10004,0,0.486688,18408.5,180085,0
0.100041,0,0.486692,18408.5,180085,0
0.100038,0,0.486698,18408.5,180085,0
0.0993183,0,0.0993148,18408.5,180085,0
0.0993055,0,0.0993146,18408.5,180085,0
0.0993155,0,0.099308,18408.5,180085,0
0.116083,0,0.291912,25066.9,246669,0
0.116089,0,0.2919,25066.9,246669,0
0.116083,0,0.291905,25066.9,246669,0
0.116089,0,0.2919,25066.9,246669,0
0.100042,0,0.486697,18408.5,180085,0
0.0994141,0,0.486493,18405.6,180056,0
0.10004,0,0.486693,18408.5,180085,0
0.0993091,0,0.0993114,18408.5,180085,0
0.0993087,0,0.0993108,18408.5,180085,0
0.0993091,0,0.0993069,18408.5,180085,0
0.116083,0,0.291905,25066.9,246669,0
0.116078,0,0.291906,25066.9,246669,0
0.116089,0,0.291903,25066.9,246669,0
0.116082,0,0.291903,25066.9,246669,0
0.100038,0,0.486694,18408.5,180085,0
0.100043,0,0.486696,18408.5,180085,0
0.100043,0,0.486687,18408.5,180085,0
0.291907,0,0.116069,25066.9,246669,0
0.291909,0,0.116071,25066.9,246669,0
0.291909,0,0.116076,25066.9,246669,0
0.29096,0,0.290961,21933.5,215335,0
0.290961,0,0.290968,21933.5,215335,0
0.29096,0,0.290961,21933.5,215335,0
0.29096,0,0.290969,21933.5,215335,0
0.291795,0,0.470013,25066.9,246669,0
0.291798,0,0.470018,25066.9,246669,0
0.291805,0,0.470007,25066.9,246669,0
0.2919,0,0.116074,25066.9,246669,0
0.291904,0,0.116077,25066.9,246669,0
0.291907,0,0.116072,25066.9,246669,0
0.290957,0,0.290966,21933.5,215335,0
0.29095,0,0.290967,21933.5,215335,0
0.290957,0,0.290958,21933.5,215335,0
0.290963,0,0.290964,21933.5,215335,0
0.291808,0,0.470012,25066.9,246669,0
0.291804,0,0.470018,25066.9,246669,0
0.291806,0,0.470007,25066.9,246669,0
0.291908,0,0.116075,25066.9,246669,0
0.291907,0,0.116065,25066.9,246669,0
0.291909,0,0.11607,25066.9,246669,0
0.290952,0,0.290969,21933.5,215335,0
0.290958,0,0.290967,21933.5,215335,0
0.290957,0,0.29097,21933.5,215335,0
0.290961,0,0.29096,21933.5,215335,0
0.291797,0,0.470012,25066.9,246669,0
0.291801,0,0.470011,25066.9,246669,0
0.291807,0,0.470013,25066.9,246669,0
0.291904,0,0.116062,25066.9,246669,0
0.291902,0,0.11607,25066.9,246669,0
0.291903,0,0.11607,25066.9,246669,0
0.0993115,0,0.0993165,18408.5,180085,0
0.116085,0,0.291896,25066.9,246669,0
0.116081,0,0.291901,25066.9,246669,0
0.100037,0,0.486689,18408.5,180085,0
0.291795,0,0.470014,25066.9,246669,0
0.291804,0,0.470005,25066.9,246669,0
0.291794,0,0.470014,25066.9,246669,0
0.291903,0,0.116071,25066.9,246669,0
0.291897,0,0.116071,25066.9,246669,0
0.2919,0,0.11607,25066.9,246669,0
0.0993153,0,0.0993142,18408.5,180085,0
0.116083,0,0.29191,25066.9,246669,0
0.116087,0,0.2919,25066.9,246669,0
0.100032,0,0.486691,18408.5,180085,0
0.291807,0,0.470015,25066.9,246669,0
0.291796,0,0.470008,25066.9,246669,0
0.291804,0,0.470019,25066.9,246669,0
0.291907,0,0.11607,25066.9,246669,0
0.291906,0,0.116069,25066.9,246669,0
0.291905,0,0.116067,25066.9,246669,0
0.0993147,0,0.0993107,18408.5,180085,0
0.116086,0,0.291908,25066.9,246669,0
0.116077,0,0.2919,25066.9,246669,0
0.100039,0,0.486696,18408.5,180085,0
0.291797,0,0.470018,25066.9,246669,0
0.291803,0,0.470018,25066.9,246669,0
0.291806,0,0.47001,25066.9,246669,0
0.291669,0,0.116678,25063.8,246638,0
0.291905,0,0.116075,25066.9,246669,0
0.2919,0,0.11607,25066.9,246669,0
0.0993185,0,0.0993114,18408.5,180085,0
0.116088,0,0.291911,25066.9,246669,0
0.116089,0,0.291903,25066.9,246669,0
0.100033,0,0.486697,18408.5,180085,0
0.291805,0,0.47001,25066.9,246669,0
0.291801,0,0.470017,25066.9,246669,0
0.291799,0,0.47001,25066.9,246669,0
0.29191,0,0.116072,25066.9,246669,0
0.291898,0,0.116072,25066.9,246669,0
0.291902,0,0.116074,25066.9,246669,0
0.29096,0,0.290969,21933.5,215335,0
0.29096,0,0.290967,21933.5,215335,0
0.290955,0,0.290957,21933.5,215335,0
0.290953,0,0.29097,21933.5,215335,0
0.291803,0,0.470012,25066.9,246669,0
0.291802,0,0.470009,25066.9,246669,0
0.291808,0,0.470014,25066.9,246669,0
0.291908,0,0.116067,25066.9,246669,0
0.291903,0,0.116064,25066.9,246669,0
0.291902,0,0.116066,25066.9,246669,0
0.290959,0,0.290965,21933.5,215335,0
0.290952,0,0.290959,21933.5,215335,0
0.290957,0,0.290958,21933.5,215335,0
0.290952,0,0.290967,21933.5,215335,0
0.291796,0,0.470015,25066.9,246669,0
0.291803,0,0.470014,25066.9,246669,0
0.291798,0,0.470016,25066.9,246669,0
0.2919,0,0.116068,25066.9,246669,0
0.291905,0,0.116065,25066.9,246669,0
0.291899,0,0.116068,25066.9,246669,0
0.290953,0,0.29097,21933.5,215335,0
0.290953,0,0.290968,21933.5,215335,0
0.290958,0,0.290962,21933.5,215335,0
0.290949,0,0.290965,21933.5,215335,0
0.291802,0,0.470006,25066.9,246669,0
0.291807,0,0.470015,25066.9,246669,0
0.291807,0,0.47001,25066.9,246669,0
0.29191,0,0.116073,25066.9,246669,0
0.291904,0,0.116067,25066.9,246669,0
0.291901,0,0.116066,25066.9,246669,0
0.29096,0,0.290966,21933.5,215335,0
0.290958,0,0.290958,21933.5,215335,0
0.290958,0,0.290961,21933.5,215335,0
0.290961,0,0.290965,21933.5,215335,0
0.291798,0,0.470007,25066.9,246669,0
0.291804,0,0.470011,25066.9,246669,0
0.291802,0,0.470017,25066.9,246669,0
0.291907,0,0.116075,25066.9,246669,0
0.291905,0,0.116071,25066.9,246669,0
0.291896,0,0.116072,25066.9,246669,0
0.29095,0,0.290961,21933.5,215335,0
0.290953,0,0.290965,21933.5,215335,0
0.290957,0,0.29097,21933.5,215335,0
0.290955,0,0.290965,21933.5,215335,0
0.291798,0,0.470011,25066.9,246669,0
0.291805,0,0.470019,25066.9,246669,0
0.291805,0,0.470013,25066.9,246669,0
0.291901,0,0.116074,25066.9,246669,0
0.291904,0,0.116063,25066.9,246669,0
0.2919,0,0.116073,25066.9,246669,0
0.290957,0,0.290971,21933.5,215335,0
0.290955,0,0.290961,21933.5,215335,0
0.290954,0,0.290957,21933.5,215335,0
0.290961,0,0.290969,21933.5,215335,0
0.291801,0,0.470018,25066.9,246669,0
0.291804,0,0.470008,25066.9,246669,0
0.291796,0,0.470014,25066.9,246669,0
0.291905,0,0.11607,25066.9,246669,0
0.291906,0,0.116072,25066.9,246669,0
0.291902,0,0.116071,25066.9,246669,0
0.291902,0,0.116076,25066.9,246669,0
0.290958,0,0.290968,21933.5,215335,0
0.290951,0,0.290961,21933.5,215335,0
0.291799,0,0.470017,25066.9,246669,0
0.291802,0,0.470007,25066.9,246669,0
0.291799,0,0.470007,25066.9,246669,0
0.291806,0,0.470007,25066.9,246669,0
0.291906,0,0.116069,25066.9,246669,0
0.291911,0,0.11607,25066.9,246669,0
0.291908,0,0.116074,25066.9,246669,0
0.291905,0,0.116076,25066.9,246669,0
0.290953,0,0.290964,21933.5,215335,0
0.290948,0,0.290961,21933.5,215335,0
0.291798,0,0.470011,25066.9,246669,0
0.291796,0,0.47001,25066.9,246669,0
0.291805,0,0.47001,25066.9,246669,0
0.291807,0,0.470011,25066.9,246669,0
0.291911,0,0.116074,25066.9,246669,0
0.291905,0,0.116075,25066.9,246669,0
0.291901,0,0.116076,25066.9,246669,0
0.291917,0,0.116042,25066.9,246669,0
0.290953,0,0.29096,21933.5,215335,0
0.29096,0,0.290968,21933.5,215335,0
0.291801,0,0.470014,25066.9,246669,0
0.291803,0,0.470008,25066.9,246669,0
0.291803,0,0.470008,25066.9,246669,0
0.291803,0,0.470018,25066.9,246669,0
0.2919,0,0.116074,25066.9,246669,0
0.291909,0,0.116071,25066.9,246669,0
0.291899,0,0.116072,25066.9,246669,0
0.291904,0,0.116074,25066.9,246669,0
0.290954,0,0.290969,21933.5,215335,0
0.290949,0,0.290963,21933.5,215335,0
0.2918,0,0.470008,25066.9,246669,0
0.291797,0,0.470012,25066.9,246669,0
0.291795,0,0.470015,25066.9,246669,0
0.291801,0,0.470017,25066.9,246669,0
0.291899,0,0.11607,25066.9,246669,0
0.291902,0,0.116067,25066.9,246669,0
0.291907,0,0.116069,25066.9,246669,0
0.290954,0,0.290957,21933.5,215335,0
0.290954,0,0.290969,21933.5,215335,0
0.290955,0,0.29096,21933.5,215335,0
0.290957,0,0.290972,21933.5,215335,0
0.291801,0,0.470016,25066.9,246669,0
0.291805,0,0.470013,25066.9,246669,0
0.291805,0,0.470015,25066.9,246669,0
0.291901,0,0.116073,25066.9,246669,0
0.291897,0,0.11607,25066.9,246669,0
0.291901,0,0.116072,25066.9,246669,0
0.290952,0,0.290961,21933.5,215335,0
0.290953,0,0.290962,21933.5,215335,0
0.290949,0,0.290961,21933.5,215335,0
0.290958,0,0.290963,21933.5,215335,0
0.291805,0,0.470017,25066.9,246669,0
0.291799,0,0.470007,25066.9,246669,0
0.291803,0,0.470016,25066.9,246669,0
0.291904,0,0.116074,25066.9,246669,0
0.291902,0,0.116064,25066.9,246669,0
0.291899,0,0.116073,25066.9,246669,0
0.290953,0,0.290969,21933.5,215335,0
0.29095,0,0.290966,21933.5,215335,0
0.29095,0,0.290962,21933.5,215335,0
0.290963,0,0.290966,21933.5,215335,0
0.2918,0,0.470014,25066.9,246669,0
0.291802,0,0.470006,25066.9,246669,0
0.291806,0,0.470018,25066.9,246669,0
0.291901,0,0.116073,25066.9,246669,0
0.291906,0,0.116065,25066.9,246669,0
0.291908,0,0.116065,25066.9,246669,0
0.290959,0,0.290965,21933.5,215335,0
0.290959,0,0.290958,21933.5,215335,0
0.290954,0,0.290957,21933.5,215335,0
0.290949,0,0.290969,21933.5,215335,0
0.291873,0,0.469656,25066.1,246661,0
0.291798,0,0.47001,25066.9,246669,0
0.291807,0,0.470011,25066.9,246669,0
0.2919,0,0.116072,25066.9,246669,0
0.291906,0,0.116066,25066.9,246669,0
0.291907,0,0.116072,25066.9,246669,0
0.290955,0,0.290967,21933.5,215335,0
0.290951,0,0.290959,21933.5,215335,0
0.290961,0,0.290962,21933.5,215335,0
0.290958,0,0.290958,21933.5,215335,0
0.291805,0,0.47001,25066.9,246669,0
0.291798,0,0.470008,25066.9,246669,0
0.291798,0,0.470008,25066.9,246669,0
0.291903,0,0.116072,25066.9,246669,0
0.291903,0,0.116075,25066.9,246669,0
0.291907,0,0.116064,25066.9,246669,0
0.29095,0,0.290967,21933.5,215335,0
0.290952,0,0.290961,21933.5,215335,0
0.290952,0,0.29097,21933.5,215335,0
0.290962,0,0.290961,21933.5,215335,0
0.291804,0,0.47001,25066.9,246669,0
0.291801,0,0.47001,25066.9,246669,0
0.291798,0,0.470019,25066.9,246669,0
0.291908,0,0.116072,25066.9,246669,0
0.291897,0,0.116067,25066.9,246669,0
0.291908,0,0.116069,25066.9,246669,0
0.291907,0,0.116065,25066.9,246669,0
0.290955,0,0.290959,21933.5,215335,0
0.290953,0,0.29096,21933.5,215335,0
0.291796,0,0.470009,25066.9,246669,0
0.291797,0,0.470012,25066.9,246669,0
0.291802,0,0.470012,25066.9,246669,0
0.291801,0,0.470021,25066.9,246669,0
0.291897,0,0.116068,25066.9,246669,0
0.291904,0,0.116075,25066.9,246669,0
0.291899,0,0.116066,25066.9,246669,0
0.29191,0,0.116072,25066.9,246669,0
0.290952,0,0.290959,21933.5,215335,0
0.290956,0,0.290966,21933.5,215335,0
0.291804,0,0.470009,25066.9,246669,0
0.291798,0,0.470019,25066.9,246669,0
0.291798,0,0.470017,25066.9,246669,0
0.291803,0,0.47001,25066.9,246669,0
0.291908,0,0.116075,25066.9,246669,0
0.2919,0,0.116073,25066.9,246669,0
0.291898,0,0.116066,25066.9,246669,0
0.291817,0,0.116259,25066.4,246664,0
0.290964,0,0.290964,21933.5,215335,0
0.290959,0,0.290968,21933.5,215335,0
0.291802,0,0.470017,25066.9,246669,0
0.291803,0,0.470014,25066.9,246669,0
0.2918,0,0.470006,25066.9,246669,0
0.291796,0,0.470011,25066.9,246669,0
0.291896,0,0.116067,25066.9,246669,0
0.291907,0,0.116073,25066.9,246669,0
0.291901,0,0.116075,25066.9,246669,0
0.29191,0,0.116072,25066.9,246669,0
0.29096,0,0.290959,21933.5,215335,0
0.290962,0,0.29097,21933.5,215335,0
0.291805,0,0.47001,25066.9,246669,0
0.291798,0,0.470009,25066.9,246669,0
0.291798,0,0.470007,25066.9,246669,0
0.2918,0,0.470013,25066.9,246669,0
0.291898,0,0.116076,25066.9,246669,0
0.291899,0,0.116071,25066.9,246669,0
0.291904,0,0.116074,25066.9,246669,0
0.29096,0,0.290965,21933.5,215335,0
0.29095,0,0.290963,21933.5,215335,0
0.290953,0,0.290971,21933.5,215335,0
0.290951,0,0.290969,21933.5,215335,0
0.291807,0,0.470015,25066.9,246669,0
0.291793,0,0.470011,25066.9,246669,0
0.291799,0,0.470015,25066.9,246669,0
0.291909,0,0.116075,25066.9,246669,0
0.291904,0,0.116067,25066.9,246669,0
0.291902,0,0.116065,25066.9,246669,0
0.290956,0,0.290958,21933.5,215335,0
0.290953,0,0.290963,21933.5,215335,0
0.290961,0,0.290968,21933.5,215335,0
0.29095,0,0.290966,21933.5,215335,0
0.291802,0,0.470007,25066.9,246669,0
0.291804,0,0.470015,25066.9,246669,0
0.291805,0,0.470015,25066.9,246669,0
0.291902,0,0.116073,25066.9,246669,0
0.291904,0,0.116069,25066.9,246669,0
0.291897,0,0.116065,25066.9,246669,0
0.290956,0,0.290962,21933.5,215335,0
0.291615,0,0.292055,21922.8,215228,0
0.290962,0,0.290963,21933.5,215335,0
0.290959,0,0.290963,21933.5,215335,0
0.291807,0,0.470014,25066.9,246669,0
0.291798,0,0.470013,25066.9,246669,0
0.291804,0,0.470018,25066.9,246669,0
0.291942,0,0.116007,25066.8,246668,0
0.291901,0,0.11607,25066.9,246669,0
0.291899,0,0.116072,25066.9,246669,0
0.290953,0,0.290966,21933.5,215335,0
0.290953,0,0.290965,21933.5,215335,0
0.290957,0,0.29096,21933.5,215335,0
0.290954,0,0.29096,21933.5,215335,0
0.291798,0,0.470013,25066.9,246669,0
0.2918,0,0.470008,25066.9,246669,0
0.291803,0,0.470018,25066.9,246669,0
0.291901,0,0.116075,25066.9,246669,0
0.291909,0,0.116072,25066.9,246669,0
0.29191,0,0.11607,25066.9,246669,0
0.290959,0,0.290958,21933.5,215335,0
0.290956,0,0.290969,21933.5,215335,0
0.290955,0,0.290967,21933.5,215335,0
0.290956,0,0.290964,21933.5,215335,0
0.291797,0,0.470014,25066.9,246669,0
0.291804,0,0.470018,25066.9,246669,0
0.291805,0,0.470012,25066.9,246669,0
0.291901,0,0.116075,25066.9,246669,0
0.291873,0,0.116148,25066.9,246669,0
0.291905,0,0.116068,25066.9,246669,0
0.290964,0,0.290964,21933.5,215335,0
0.290954,0,0.290971,21933.5,215335,0
0.290962,0,0.29096,21933.5,215335,0
0.29095,0,0.290969,21933.5,215335,0
0.291796,0,0.470016,25066.9,246669,0
0.291798,0,0.470007,25066.9,246669,0
0.291806,0,0.470016,25066.9,246669,0
0.291906,0,0.116076,25066.9,246669,0
0.291901,0,0.116065,25066.9,246669,0
0.291907,0,0.116067,25066.9,246669,0
0.486695,0,0.100019,18408.5,180085,0
0.470021,0,0.291806,25066.9,246669,0
0.470021,0,0.291799,25066.9,246669,0
0.486078,0,0.48608,18408.5,180085,0
0.291805,0,0.470018,25066.9,246669,0
0.291808,0,0.470009,25066.9,246669,0
0.291801,0,0.470004,25066.9,246669,0
0.291901,0,0.116067,25066.9,246669,0
0.291907,0,0.116065,25066.9,246669,0
0.291898,0,0.116071,25066.9,246669,0
0.486698,0,0.100024,18408.5,180085,0
0.470015,0,0.291806,25066.9,246669,0
0.470012,0,0.291805,25066.9,246669,0
0.486076,0,0.48607,18408.5,180085,0
0.291808,0,0.470011,25066.9,246669,0
0.291802,0,0.470014,25066.9,246669,0
0.291796,0,0.470013,25066.9,246669,0
0.291898,0,0.116076,25066.9,246669,0
0.291901,0,0.116066,25066.9,246669,0
0.291903,0,0.116068,25066.9,246669,0
0.486686,0,0.100022,18408.5,180085,0
0.470011,0,0.2918,25066.9,246669,0
0.47002,0,0.291801,25066.9,246669,0
0.486014,0,0.486062,18408.5,180085,0
0.291802,0,0.470007,25066.9,246669,0
0.291808,0,0.470007,25066.9,246669,0
0.291794,0,0.470012,25066.9,246669,0
0.291898,0,0.116067,25066.9,246669,0
0.2919,0,0.116078,25066.9,246669,0
0.291907,0,0.116076,25066.9,246669,0
0.486688,0,0.100028,18408.5,180085,0
0.470014,0,0.291799,25066.9,246669,0
0.470019,0,0.2918,25066.9,246669,0
0.486067,0,0.486078,18408.5,180085,0
0.291895,0,0.469514,25065.3,246653,0
0.291794,0,0.470011,25066.9,246669,0
0.291804,0,0.47001,25066.9,246669,0
0.291904,0,0.116063,25066.9,246669,0
0.291904,0,0.116066,25066.9,246669,0
0.291894,0,0.11609,25066.9,246669,0
0.290953,0,0.29096,21933.5,215335,0
0.290959,0,0.29096,21933.5,215335,0
0.290954,0,0.290966,21933.5,215335,0
0.290957,0,0.290971,21933.5,215335,0
0.291798,0,0.470013,25066.9,246669,0
0.291794,0,0.470016,25066.9,246669,0
0.291797,0,0.470019,25066.9,246669,0
0.29191,0,0.11607,25066.9,246669,0
0.291904,0,0.116075,25066.9,246669,0
0.291902,0,0.116071,25066.9,246669,0
0.29096,0,0.290961,21933.5,215335,0
0.29096,0,0.290961,21933.5,215335,0
0.290956,0,0.290965,21933.5,215335,0
0.290956,0,0.29097,21933.5,215335,0
0.2918,0,0.470006,25066.9,246669,0
0.2918,0,0.470014,25066.9,246669,0
0.291795,0,0.470009,25066.9,246669,0
0.291902,0,0.116067,25066.9,246669,0
0.291907,0,0.116063,25066.9,246669,0
0.291901,0,0.116075,25066.9,246669,0
0.290962,0,0.290967,21933.5,215335,0
0.290957,0,0.290959,21933.5,215335,0
0.290951,0,0.290964,21933.5,215335,0
0.290961,0,0.290966,21933.5,215335,0
0.291805,0,0.470014,25066.9,246669,0
0.291797,0,0.470007,25066.9,246669,0
0.291797,0,0.470017,25066.9,246669,0
0.486701,0,0.100025,18408.5,180085,0
0.486694,0,0.10003,18408.5,180085,0
0.486693,0,0.100021,18408.5,180085,0
0.470009,0,0.291804,25066.9,246669,0
0.470017,0,0.291807,25066.9,246669,0
0.470021,0,0.291807,25066.9,246669,0
0.470017,0,0.291799,25066.9,246669,0
0.486069,0,0.486074,18408.5,180085,0
0.48607,0,0.486074,18408.5,180085,0
0.486076,0,0.486072,18408.5,180085,0
0.486687,0,0.100028,18408.5,180085,0
0.486696,0,0.10003,18408.5,180085,0
0.486693,0,0.10003,18408.5,180085,0
0.470012,0,0.291798,25066.9,246669,0
0.470013,0,0.29181,25066.9,246669,0
0.47002,0,0.291798,25066.9,246669,0
0.470015,0,0.291811,25066.9,246669,0
0.486079,0,0.486076,18408.5,180085,0
0.48607,0,0.486067,18408.5,180085,0
0.486068,0,0.486077,18408.5,180085,0
0.486696,0,0.100024,18408.5,180085,0
0.486692,0,0.100027,18408.5,180085,0
0.486695,0,0.10002,18408.5,180085,0
0.470009,0,0.291802,25066.9,246669,0
0.470022,0,0.291801,25066.9,246669,0
0.470013,0,0.29181,25066.9,246669,0
0.470013,0,0.291804,25066.9,246669,0
0.486077,0,0.486073,18408.5,180085,0
0.486069,0,0.486074,18408.5,180085,0
0.48607,0,0.486074,18408.5,180085,0
0.486689,0,0.10003,18408.5,180085,0
0.486691,0,0.100029,18408.5,180085,0
0.486698,0,0.100022,18408.5,180085,0
0.470011,0,0.291809,25066.9,246669,0
0.470009,0,0.291803,25066.9,246669,0
0.470011,0,0.291796,25066.9,246669,0
0.470012,0,0.291802,25066.9,246669,0
0.48607,0,0.486075,18408.5,180085,0
0.486075,0,0.486073,18408.5,180085,0
0.486077,0,0.486072,18408.5,180085,0
0.486687,0,0.100023,18408.5,180085,0
0.486692,0,0.100024,18408.5,180085,0
0.48669,0,0.100023,18408.5,180085,0
0.470019,0,0.291809,25066.9,246669,0
0.470021,0,0.291802,25066.9,246669,0
0.470013,0,0.291797,25066.9,246669,0
0.470017,0,0.291805,25066.9,246669,0
0.486078,0,0.486075,18408.5,180085,0
0.486073,0,0.486068,18408.5,180085,0
0.486072,0,0.486078,18408.5,180085,0
0.486698,0,0.100021,18408.5,180085,0
0.486461,0,0.100158,18408,180080,0
0.486686,0,0.100025,18408.5,180085,0
0.470019,0,0.291805,25066.9,246669,0
0.470016,0,0.291802,25066.9,246669,0
0.469915,0,0.291853,25066.8,246668,0
0.470018,0,0.291805,25066.9,246669,0
0.486072,0,0.486071,18408.5,180085,0
0.486076,0,0.486075,18408.5,180085,0
0.486069,0,0.48608,18408.5,180085,0
0.486701,0,0.100027,18408.5,180085,0
0.486695,0,0.100026,18408.5,180085,0
0.486688,0,0.100019,18408.5,180085,0
0.470019,0,0.291802,25066.9,246669,0
0.470016,0,0.291797,25066.9,246669,0
0.470013,0,0.2918,25066.9,246669,0
0.470015,0,0.291798,25066.9,246669,0
0.486067,0,0.486079,18408.5,180085,0
0.486071,0,0.486079,18408.5,180085,0
0.486073,0,0.486069,18408.5,180085,0
0.486694,0,0.100018,18408.5,180085,0
0.486689,0,0.100028,18408.5,180085,0
0.486692,0,0.100027,18408.5,180085,0
0.470011,0,0.291809,25066.9,246669,0
0.470019,0,0.291808,25066.9,246669,0
0.470015,0,0.291807,25066.9,246669,0
0.470012,0,0.291797,25066.9,246669,0
0.486068,0,0.486071,18408.5,180085,0
0.486073,0,0.48607,18408.5,180085,0
0.486071,0,0.486078,18408.5,180085,0
0.486691,0,0.100031,18408.5,180085,0
0.486695,0,0.100021,18408.5,180085,0
0.486699,0,0.100027,18408.5,180085,0
0.470014,0,0.291808,25066.9,246669,0
0.470017,0,0.291801,25066.9,246669,0
0.470018,0,0.291808,25066.9,246669,0
0.470015,0,0.291802,25066.9,246669,0
0.486066,0,0.486073,18408.5,180085,0
0.48607,0,0.486081,18408.5,180085,0
0.486068,0,0.486076,18408.5,180085,0
0.486687,0,0.100098,18408.5,180085,0
0.486697,0,0.10003,18408.5,180085,0
0.486687,0,0.100025,18408.5,180085,0
0.47002,0,0.291807,25066.9,246669,0
0.470017,0,0.291804,25066.9,246669,0
0.470012,0,0.291809,25066.9,246669,0
0.470013,0,0.291803,25066.9,246669,0
0.486066,0,0.486074,18408.5,180085,0
0.486065,0,0.486078,18408.5,180085,0
0.486074,0,0.486069,18408.5,180085,0
0.486691,0,0.100031,18408.5,180085,0
0.486693,0,0.10003,18408.5,180085,0
0.486691,0,0.100019,18408.5,180085,0
0.470014,0,0.29181,25066.9,246669,0
0.470014,0,0.291797,25066.9,246669,0
0.470012,0,0.291797,25066.9,246669,0
0.470016,0,0.291802,25066.9,246669,0
0.486079,0,0.486071,18408.5,180085,0
0.486075,0,0.486073,18408.5,180085,0
0.486076,0,0.48607,18408.5,180085,0
0.486692,0,0.100023,18408.5,180085,0
0.486688,0,0.100021,18408.5,180085,0
0.486667,0,0.100044,18408.4,180084,0
0.47001,0,0.291802,25066.9,246669,0
0.470013,0,0.291805,25066.9,246669,0
0.470009,0,0.291807,25066.9,246669,0
0.470017,0,0.2918,25066.9,246669,0
0.486066,0,0.486073,18408.5,180085,0
0.486077,0,0.486076,18408.5,180085,0
0.48608,0,0.486073,18408.5,180085,0
0.486697,0,0.100026,18408.5,180085,0
0.486697,0,0.100032,18408.5,180085,0
0.486697,0,0.100029,18408.5,180085,0
0.470013,0,0.291805,25066.9,246669,0
0.470023,0,0.291804,25066.9,246669,0
0.470022,0,0.291806,25066.9,246669,0
0.470008,0,0.2918,25066.9,246669,0
0.486069,0,0.486076,18408.5,180085,0
0.486071,0,0.486082,18408.5,180085,0
0.486073,0,0.486076,18408.5,180085,0
0.486694,0,0.100032,18408.5,180085,0
0.486694,0,0.100022,18408.5,180085,0
0.486688,0,0.100021,18408.5,180085,0
0.470017,0,0.291796,25066.9,246669,0
0.470015,0,0.2918,25066.9,246669,0
0.470012,0,0.291803,25066.9,246669,0
0.470013,0,0.291807,25066.9,246669,0
0.486077,0,0.486077,18408.5,180085,0
0.486071,0,0.48608,18408.5,180085,0
0.486069,0,0.486079,18408.5,180085,0
0.486692,0,0.100021,18408.5,180085,0
0.486698,0,0.10003,18408.5,180085,0
0.486688,0,0.100022,18408.5,180085,0
0.469762,0,0.291865,25066.2,246662,0
0.470014,0,0.291803,25066.9,246669,0
0.47001,0,0.291805,25066.9,246669,0
0.470015,0,0.291796,25066.9,246669,0
0.486078,0,0.486074,18408.5,180085,0
0.486073,0,0.486067,18408.5,180085,0
0.486075,0,0.48608,18408.5,180085,0
0.486692,0,0.100032,18408.5,180085,0
0.486695,0,0.100025,18408.5,180085,0
0.486697,0,0.100029,18408.5,180085,0
0.470015,0,0.291808,25066.9,246669,0
0.470022,0,0.291801,25066.9,246669,0
0.470014,0,0.291804,25066.9,246669,0
0.470023,0,0.291803,25066.9,246669,0
0.486074,0,0.486079,18408.5,180085,0
0.486073,0,0.486081,18408.5,180085,0
0.486069,0,0.486071,18408.5,180085,0
0.486689,0,0.100026,18408.5,180085,0
0.486696,0,0.100024,18408.5,180085,0
0.486687,0,0.100023,18408.5,180085,0
0.470021,0,0.291806,25066.9,246669,0
0.470014,0,0.291796,25066.9,246669,0
0.47002,0,0.291803,25066.9,246669,0
0.470013,0,0.291809,25066.9,246669,0
0.486074,0,0.486081,18408.5,180085,0
0.486075,0,0.48608,18408.5,180085,0
0.486068,0,0.48607,18408.5,180085,0
0.486692,0,0.100018,18408.5,180085,0
0.486696,0,0.100022,18408.5,180085,0
0.486698,0,0.10003,18408.5,180085,0
0.470016,0,0.2918,25066.9,246669,0
0.47002,0,0.291796,25066.9,246669,0
0.470014,0,0.291799,25066.9,246669,0
0.47002,0,0.291795,25066.9,246669,0
0.486077,0,0.486077,18408.5,180085,0
0.486075,0,0.486079,18408.5,180085,0
0.486072,0,0.486069,18408.5,180085,0
0.486694,0,0.100019,18408.5,180085,0
0.486699,0,0.100028,18408.5,180085,0
0.48669,0,0.100027,18408.5,180085,0
0.470011,0,0.291802,25066.9,246669,0
0.470013,0,0.291806,25066.9,246669,0
0.470018,0,0.291805,25066.9,246669,0
0.470015,0,0.291806,25066.9,246669,0
0.486071,0,0.486079,18408.5,180085,0
0.486072,0,0.486081,18408.5,180085,0
0.486072,0,0.486078,18408.5,180085,0
0.486688,0,0.100027,18408.5,180085,0
0.486692,0,0.100023,18408.5,180085,0
0.486698,0,0.100031,18408.5,180085,0
0.470017,0,0.291805,25066.9,246669,0
0.470011,0,0.291806,25066.9,246669,0
0.470015,0,0.291801,25066.9,246669,0
0.470016,0,0.291795,25066.9,246669,0
0.486079,0,0.486074,18408.5,180085,0
0.486074,0,0.486077,18408.5,180085,0
0.48607,0,0.486068,18408.5,180085,0
0.486692,0,0.100021,18408.5,180085,0
0.486695,0,0.10002,18408.5,180085,0
0.486698,0,0.100022,18408.5,180085,0
0.470015,0,0.291802,25066.9,246669,0
0.470012,0,0.291804,25066.9,246669,0
0.470016,0,0.291806,25066.9,246669,0
0.470017,0,0.2918,25066.9,246669,0
0.486079,0,0.486075,18408.5,180085,0
0.48607,0,0.486071,18408.5,180085,0
0.48607,0,0.48607,18408.5,180085,0
0.48669,0,0.10003,18408.5,180085,0
0.486699,0,0.100025,18408.5,180085,0
0.486691,0,0.100027,18408.5,180085,0
0.470012,0,0.291801,25066.9,246669,0
0.470019,0,0.291801,25066.9,246669,0
0.47001,0,0.291802,25066.9,246669,0
0.470018,0,0.291797,25066.9,246669,0
0.486069,0,0.486075,18408.5,180085,0
0.486063,0,0.486077,18408.5,180085,0
0.486068,0,0.486069,18408.5,180085,0
0.48667,0,0.100187,18408.4,180084,0
0.486688,0,0.100029,18408.5,180085,0
0.486696,0,0.100022,18408.5,180085,0
0.47001,0,0.291805,25066.9,246669,0
0.470013,0,0.291798,25066.9,246669,0
0.470011,0,0.291799,25066.9,246669,0
0.470021,0,0.291806,25066.9,246669,0
0.486067,0,0.486079,18408.5,180085,0
0.486071,0,0.486078,18408.5,180085,0
0.486068,0,0.486072,18408.5,180085,0
0.486696,0,0.100028,18408.5,180085,0
0.486689,0,0.100031,18408.5,180085,0
0.486687,0,0.100023,18408.5,180085,0
0.470016,0,0.291808,25066.9,246669,0
0.470016,0,0.291811,25066.9,246669,0
0.470019,0,0.29181,25066.9,246669,0
0.470018,0,0.291796,25066.9,246669,0
0.486078,0,0.486077,18408.5,180085,0
0.486074,0,0.486077,18408.5,180085,0
0.486065,0,0.486072,18408.5,180085,0
0.486689,0,0.100026,18408.5,180085,0
0.48669,0,0.100024,18408.5,180085,0
0.486689,0,0.100028,18408.5,180085,0
0.470024,0,0.291806,25066.9,246669,0
0.470012,0,0.291799,25066.9,246669,0
0.470021,0,0.291798,25066.9,246669,0
0.470021,0,0.291803,25066.9,246669,0
0.486076,0,0.486071,18408.5,180085,0
0.486073,0,0.486077,18408.5,180085,0
0.48607,0,0.486069,18408.5,180085,0
0.486696,0,0.10003,18408.5,180085,0
0.486696,0,0.100026,18408.5,180085,0
0.486691,0,0.100021,18408.5,180085,0
0.470023,0,0.291802,25066.9,246669,0
0.470021,0,0.291806,25066.9,246669,0
0.470022,0,0.291803,25066.9,246669,0
0.470008,0,0.2918,25066.9,246669,0
0.48607,0,0.486069,18408.5,180085,0
0.486071,0,0.486072,18408.5,180085,0
0.486074,0,0.486072,18408.5,180085,0
0.486687,0,0.100027,18408.5,180085,0
0.48669,0,0.100025,18408.5,180085,0
0.486699,0,0.100024,18408.5,180085,0
0.470017,0,0.291797,25066.9,246669,0
0.470019,0,0.291802,25066.9,246669,0
0.470019,0,0.2918,25066.9,246669,0
0.470023,0,0.291806,25066.9,246669,0
0.486065,0,0.486076,18408.5,180085,0
0.486076,0,0.486083,18408.5,180085,0
0.486067,0,0.486078,18408.5,180085,0
0.486697,0,0.100021,18408.5,180085,0
0.486692,0,0.10003,18408.5,180085,0
0.486698,0,0.100026,18408.5,180085,0
0.470015,0,0.291797,25066.9,246669,0
0.470011,0,0.2918,25066.9,246669,0
0.470019,0,0.291796,25066.9,246669,0
0.470017,0,0.291808,25066.9,246669,0
0.486077,0,0.486073,18408.5,180085,0
0.486077,0,0.486078,18408.5,180085,0
0.486073,0,0.486075,18408.5,180085,0
0.486691,0,0.100026,18408.5,180085,0
0.486697,0,0.10002,18408.5,180085,0
0.486696,0,0.100026,18408.5,180085,0
0.47002,0,0.291798,25066.9,246669,0
0.470017,0,0.291803,25066.9,246669,0
0.470011,0,0.291797,25066.9,246669,0
0.470013,0,0.291807,25066.9,246669,0
0.486074,0,0.48608,18408.5,180085,0
0.486076,0,0.486081,18408.5,180085,0
0.486079,0,0.486077,18408.5,180085,0
0.48669,0,0.100026,18408.5,180085,0
0.486738,0,0.0999786,18408.5,180085,0
0.486695,0,0.100027,18408.5,180085,0
0.470022,0,0.291801,25066.9,246669,0
0.470018,0,0.291809,25066.9,246669,0
0.470018,0,0.291798,25066.9,246669,0
0.470017,0,0.29181,25066.9,246669,0
0.486256,0,0.486173,18408.4,180084,0
0.486068,0,0.486069,18408.5,180085,0
0.486074,0,0.486069,18408.5,180085,0
